[
    {
        "model": "auth.user",
        "pk": 1,
        "fields": {
            "password": "pbkdf2_sha256$120000$f9FCEl4PDmqa$mnHDgEEMPlSI2EkhucrBWJ/tiRHPfca3u+nX45tocT4=",
            "last_login": "2018-10-23T14:18:45.066Z",
            "is_superuser": true,
            "username": "roOt",
            "first_name": "",
            "last_name": "",
            "email": "root.1drone@gmail.com",
            "is_staff": true,
            "is_active": true,
            "date_joined": "2018-10-19T14:41:47.921Z",
            "groups": [],
            "user_permissions": []
        }
},
    {
        "model": "auth.user",
        "pk": 2,
        "fields": {
            "password": "pbkdf2_sha256$120000$bkLcsn1SfJ6O$eMGcbC+Pjg68Rc8b0DGuey+x1P1cE1WBZyhWClm7/Uw=",
            "last_login": null,
            "is_superuser": false,
            "username": "Jens",
            "first_name": "",
            "last_name": "",
            "email": "",
            "is_staff": false,
            "is_active": true,
            "date_joined": "2018-10-19T15:36:27.723Z",
            "groups": [],
            "user_permissions": []
        }
},
    {
        "model": "auth.user",
        "pk": 3,
        "fields": {
            "password": "pbkdf2_sha256$120000$PBdDRifUSbHS$TtCR/Rk6kByFFkhyE/17KX4yBhLUxvCMX14sC5BmaEg=",
            "last_login": null,
            "is_superuser": false,
            "username": "Sven",
            "first_name": "",
            "last_name": "",
            "email": "",
            "is_staff": false,
            "is_active": true,
            "date_joined": "2018-10-19T15:36:50.467Z",
            "groups": [],
            "user_permissions": []
        }
},
    {
        "model": "auth.user",
        "pk": 4,
        "fields": {
            "password": "pbkdf2_sha256$120000$Rer7x0OP8SaJ$knRM6+ZRa/pRiL/QWLHGWdR7RBXIPFDp6/ASkiaWxu0=",
            "last_login": null,
            "is_superuser": false,
            "username": "benedickt",
            "first_name": "Lars",
            "last_name": "Helm",
            "email": "larsh@aol.com",
            "is_staff": false,
            "is_active": true,
            "date_joined": "2018-10-23T14:22:16Z",
            "groups": [],
            "user_permissions": []
        }
},
    {
        "model": "auth.user",
        "pk": 5,
        "fields": {
            "password": "pbkdf2_sha256$120000$NhPwPA0CXpRs$rcbP0llHQ9qZDR+c+FBECxYP7s8cNOQRzGsiab6faMk=",
            "last_login": null,
            "is_superuser": false,
            "username": "Frederik",
            "first_name": "",
            "last_name": "",
            "email": "",
            "is_staff": false,
            "is_active": true,
            "date_joined": "2018-10-23T14:23:29Z",
            "groups": [],
            "user_permissions": []
        }
},
    {
        "model": "auth.user",
        "pk": 6,
        "fields": {
            "password": "pbkdf2_sha256$120000$fSiCuiRe1QJm$AE/d05lLvQ4MnFHnMs0v7GHyra7ZVr7zJNVaPz8FgMM=",
            "last_login": null,
            "is_superuser": false,
            "username": "chriswilson",
            "first_name": "Chris",
            "last_name": "",
            "email": "chriswilson@pathofexile.com",
            "is_staff": false,
            "is_active": true,
            "date_joined": "2018-10-23T14:26:17Z",
            "groups": [],
            "user_permissions": []
        }
},
    {
        "model": "Happy2Help.organisation",
        "pk": 1,
        "fields": {
            "name": "DRK",
            "description": "Tut allen gut",
            "member": [
      2
    ]
        }
},
    {
        "model": "Happy2Help.organisation",
        "pk": 2,
        "fields": {
            "name": "DLRG",
            "description": "Immer vor Ort!",
            "member": [
      2,
      3
    ]
        }
},
    {
        "model": "Happy2Help.organisation",
        "pk": 3,
        "fields": {
            "name": "Evil Corp",
            "description": "Geheim!",
            "member": [
      1
    ]
        }
},
    {
        "model": "Happy2Help.organisation",
        "pk": 4,
        "fields": {
            "name": "Aktion Deutschland Hilft",
            "description": "B\u00fcndnis 23 deutscher Hilfsorganisationen - mit DZI Spendensiegel.",
            "member": [
      5,
      6
    ]
        }
},
    {
        "model": "Happy2Help.organisation",
        "pk": 5,
        "fields": {
            "name": "arche NoVa e.V.",
            "description": "arche noVa hat 2017 weltweit insgesamt 25 Projekte mit einem Volumen von 13,47 Mio. Euro in 15 Projektl\u00e4ndern durchgef\u00fchrt. Die Ausgaben f\u00fcr \u00d6ffentlichkeitsarbeit und Werbung sowie allgemeine Verwaltung lagen bei 3,33 Prozent",
            "member": [
      4
    ]
        }
},
    {
        "model": "Happy2Help.organisation",
        "pk": 6,
        "fields": {
            "name": "UNICEF Deutschland",
            "description": "Das Kinderhilfswerk der Vereinten Nationen ist eines der entwicklungspolitischen Organe der Vereinten Nationen. Es wurde am 11. Dezember 1946 gegr\u00fcndet, zun\u00e4chst um Kindern in Europa nach dem Zweiten Weltkrieg zu helfen.",
            "member": [
      2
    ]
        }
},
    {
        "model": "Happy2Help.profile",
        "pk": 1,
        "fields": {
            "user": 1,
            "birthday": "2018-10-19",
            "creditPoints": 0
        }
},
    {
        "model": "Happy2Help.profile",
        "pk": 2,
        "fields": {
            "user": 2,
            "birthday": "2018-10-19",
            "creditPoints": 0

        }
},
    {
        "model": "Happy2Help.profile",
        "pk": 3,
        "fields": {
            "user": 3,
            "birthday": "2018-10-19",
            "creditPoints": 0

        }
},
    {
        "model": "Happy2Help.profile",
        "pk": 4,
        "fields": {
            "user": 4,
            "birthday": "1990-10-23",
            "creditPoints": 0

        }
},
    {
        "model": "Happy2Help.profile",
        "pk": 5,
        "fields": {
            "user": 5,
            "birthday": "1995-01-02",
            "creditPoints": 0

        }
},
    {
        "model": "Happy2Help.event",
        "pk": 1,
        "fields": {
            "name": "Tafel",
            "description": "Gib allen etwas!",
            "organisation": 1,
            "creator": 2
        }
},
    {
        "model": "Happy2Help.event",
        "pk": 2,
        "fields": {
            "name": "\u00d6lunfall",
            "description": "Schwerer UNFALL!!",
            "organisation": 2,
            "creator": 2
        }
},
    {
        "model": "Happy2Help.event",
        "pk": 3,
        "fields": {
            "name": "Kommt schnell!",
            "description": "Es brennt!",
            "organisation": 2,
            "creator": 3
        }
},
    {
        "model": "Happy2Help.event",
        "pk": 4,
        "fields": {
            "name": "Wasser, Sanit\u00e4r & Hygiene",
            "description": "Wasser ist das Lebensmittel Nummer eins \u2013 doch weltweit haben immer noch Millionen Menschen keinen ausreichenden Zugang dazu. Viele sind auf unreines Wasser angewiesen, das Krankheitserreger verbreitet. Angemessene sanit\u00e4re Versorgung und Trinkwasseraufbereitungsanlagen sind daher ebenfalls unerl\u00e4sslich, damit das Trinkwasser gesundheitlich einwandfrei bleibt.",
            "organisation": 5,
            "creator": 4
        }
},
    {
        "model": "Happy2Help.event",
        "pk": 5,
        "fields": {
            "name": "Kochen f\u00fcr Freunde",
            "description": "Aktiv werden f\u00fcr Fl\u00fcchtlingskinder! Nie zuvor haben sie uns so sehr gebraucht wie jetzt. Allein in Syrien und den Nachbarl\u00e4ndern sind Millionen M\u00e4dchen und Jungen auf der Flucht. Viele Menschen m\u00f6chten helfen. Deshalb hat UNICEF die kreativ-kulinarische Aktion \u201eKochen f\u00fcr Freunde\u201c ins Leben gerufen. Als Gastgeber laden Sie ein und bekochen Ihre Lieben. Jeder Gast gibt, was ihm das Essen wert ist. Mit dem Erl\u00f6s wird die Hilfe von UNICEF f\u00fcr syrische Fl\u00fcchtlingskinder unterst\u00fctzt.",
            "organisation": 6,
            "creator": 2
        }
},
    {
        "model": "Happy2Help.event",
        "pk": 6,
        "fields": {
            "name": "Ehrenamtliches Engagement bei unseren B\u00fcndnisorganisationen",
            "description": "Auch f\u00fcr die Hilfsorganisationen unseres B\u00fcndnisses ist der Einsatz ehrenamtlicher Mitarbeiterinnen und Mitarbeiter eine gro\u00dfe Unterst\u00fctzung. Durch die Vielfalt unserer B\u00fcndnisorganisationen ergeben sich zahlreiche M\u00f6glichkeiten f\u00fcr freiwilliges Mitwirken. Informieren Sie sich hier \u00fcber die ehrenamtliche T\u00e4tigkeit bei unseren B\u00fcndnisorganisationen.",
            "organisation": 4,
            "creator": 5
        }
},
    {
        "model": "Happy2Help.event",
        "pk": 7,
        "fields": {
            "name": "Mitarbeit im B\u00fcndnisb\u00fcro von Aktion Deutschland Hilft in Bonn",
            "description": "Wenn Sie unter der Woche regelm\u00e4\u00dfig einige Stunden Zeit haben, k\u00f6nnen Sie die hauptamtlichen Mitarbeiter bei ihrer t\u00e4glichen Arbeit unterst\u00fctzen. Abh\u00e4ngig von Ihren Interessen und St\u00e4rken k\u00f6nnen Sie in verschiedenen Bereichen eingesetzt werden. Gerne kl\u00e4ren wir bei einem pers\u00f6nlichen Gespr\u00e4ch die individuellen Einsatzm\u00f6glichkeiten und den Umfang des Engagements ab.",
            "organisation": 4,
            "creator": 6
        }
},
    {
        "model": "Happy2Help.job",
        "pk": 1,
        "fields": {
            "name": "Essen austragen",
            "description": "den leuten essen bringen!",
            "event": 1,
            "openpositions": 7
        }
},
    {
        "model": "Happy2Help.job",
        "pk": 2,
        "fields": {
            "name": "Kochen",
            "description": "mit geschmack",
            "event": 1,
            "openpositions": 9

        }
},
    {
        "model": "Happy2Help.job",
        "pk": 3,
        "fields": {
            "name": "\u00d6l trinken",
            "description": "das ganze \u00f6l muss weg sein",
            "event": 2,
            "openpositions": 12

        }
},
    {
        "model": "Happy2Help.job",
        "pk": 4,
        "fields": {
            "name": "ersthelfer",
            "description": "jemanden retten",
            "event": 3,
            "openpositions": 13

        }
},
    {
        "model": "Happy2Help.job",
        "pk": 5,
        "fields": {
            "name": "Kochen",
            "description": "Wir suchen jemanden der kochen kann!",
            "event": 3,
            "openpositions": 1

        }
},
    {
        "model": "Happy2Help.job",
        "pk": 6,
        "fields": {
            "name": "Rohrbruch",
            "description": "Rohrbruch in der Revalerstra\u00dfe! Kommt schnell helfen!",
            "event": 4,
            "openpositions": 11

        }
},
    {
        "model": "Happy2Help.job",
        "pk": 7,
        "fields": {
            "name": "Verstopfung entfernen",
            "description": "Unsere Toilette ist verstopft! HILFE!!!",
            "event": 4,
            "openpositions": 999

        }
},
    {
        "model": "Happy2Help.job",
        "pk": 8,
        "fields": {
            "name": "Tippse",
            "description": "Wir brauchen hier dringend eine Tippse!",
            "event": 6,
            "openpositions": 1

        }
},
    {
        "model": "Happy2Help.job",
        "pk": 9,
        "fields": {
            "name": "Wachmann",
            "description": "Wir brauchen jemanden der uns besch\u00fctzt...",
            "event": 6,
            "openpositions": 2

        }
},
    {
        "model": "Happy2Help.job",
        "pk": 10,
        "fields": {
            "name": "Latschenkiefer F\u00e4llen",
            "description": "Wer kann eine Latschenkiefer f\u00e4llen?",
            "event": 7,
            "openpositions": 1

        }
},
    {
        "model": "Happy2Help.job",
        "pk": 11,
        "fields": {
            "name": "Bonbons austeilen",
            "description": "Wir ben\u00f6tigen einen Bonbonausteiler, bitte schnell.",
            "event": 7,
            "openpositions": 13

        }
},
    {
        "model": "Happy2Help.rating",
        "pk": 1,
        "fields": {
            "user_a": 2,
            "orga_a": null,
            "user_b": null,
            "orga_b": 1,
            "rating": -1.0
        }
},
    {
        "model": "Happy2Help.rating",
        "pk": 2,
        "fields": {
            "user_a": null,
            "orga_a": 3,
            "user_b": 1,
            "orga_b": null,
            "rating": 1.0
        }
},
    {
        "model": "Happy2Help.participation",
        "pk": 1,
        "fields": {
            "job": 1,
            "user": 2,
            "rating": 1,
            "state": "AP"
        }
},
    {
        "model": "Happy2Help.participation",
        "pk": 2,
        "fields": {
            "job": 2,
            "user": 2,
            "rating": null,
            "state": "PA"


        }
},
    {
        "model": "Happy2Help.participation",
        "pk": 3,
        "fields": {
            "job": 2,
            "user": 1,
            "rating": null,
            "state": "PA"

        }
},
    {
        "model": "Happy2Help.participation",
        "pk": 4,
        "fields": {
            "job": 1,
            "user": 3,
            "rating": null,
            "state": "AC"
        }
},
    {
        "model": "Happy2Help.participation",
        "pk": 5,
        "fields": {
            "job": 7,
            "user": 1,
            "rating": 1,
            "state": "DE"
        }
},
    {
        "model": "Happy2Help.participation",
        "pk": 6,
        "fields": {
            "job": 6,
            "user": 1,
            "rating": null,
            "state": "PA"


        }
},
    {
        "model": "Happy2Help.participation",
        "pk": 7,
        "fields": {
            "job": 2,
            "user": 5,
            "rating": null,
            "state": "DE"

        }
},
    {
        "model": "Happy2Help.participation",
        "pk": 8,
        "fields": {
            "job": 5,
            "user": 5,
            "rating": null,
            "state": "PA"

        }
},
    {
        "model": "Happy2Help.participation",
        "pk": 9,
        "fields": {
            "job": 4,
            "user": 4,
            "rating": null,
            "state": "PA"

        }
},
    {
        "model": "Happy2Help.participation",
        "pk": 10,
        "fields": {
            "job": 7,
            "user": 1,
            "rating": null,
            "state": "PA"

        }
},
    {
        "model": "Happy2Help.participation",
        "pk": 11,
        "fields": {
            "job": 9,
            "user": 3,
            "rating": null,
            "state": "PA"

        }
},
    {
        "model": "Happy2Help.favourite",
        "pk": 1,
        "fields": {
            "event": 1,
            "user": 1
        }
},
    {
        "model": "Happy2Help.report",
        "pk": 1,
        "fields": {
            "user_a": 2,
            "orga_a": null,
            "user_b": null,
            "orga_b": 2,
            "text": "Ganz b\u00f6ser Verein!",
            "reason": "HA"
        }
},
    {
        "model": "Happy2Help.report",
        "pk": 2,
        "fields": {
            "user_a": 5,
            "orga_a": null,
            "user_b": 4,
            "orga_b": null,
            "text": "Er hat Bl\u00f6dmann gesagt!",
            "reason": "HA"
        }
},
    {
        "model": "Happy2Help.report",
        "pk": 3,
        "fields": {
            "user_a": null,
            "orga_a": 6,
            "user_b": 5,
            "orga_b": null,
            "text": "Er stalkt unsere Mitarbeiter",
            "reason": "AB"
        }
}
]
