[
{
  "model": "Happy2Help.location",
  "pk": 1,
  "fields": {
    "longitude": "52.572637",
    "latitude": "13.358618",
    "name": "Resi"
  }
},
{
  "model": "Happy2Help.location",
  "pk": 2,
  "fields": {
    "longitude": "52.564818",
    "latitude": "13.360860",
    "name": "Sch\u00e4fersee"
  }
},
{
  "model": "Happy2Help.location",
  "pk": 3,
  "fields": {
    "longitude": "52.578571",
    "latitude": "13.298185",
    "name": "Burger King"
  }
},
{
  "model": "Happy2Help.skill",
  "pk": 2,
  "fields": {
    "name": "Hobeln"
  }
},
{
  "model": "Happy2Help.skill",
  "pk": 3,
  "fields": {
    "name": "Schleifen"
  }
},
{
  "model": "Happy2Help.skill",
  "pk": 4,
  "fields": {
    "name": "Schlauch verlegen"
  }
},
{
  "model": "Happy2Help.skill",
  "pk": 5,
  "fields": {
    "name": "Loch Bohren"
  }
},
{
  "model": "Happy2Help.skill",
  "pk": 6,
  "fields": {
    "name": "Staubsaugen"
  }
},
{
  "model": "Happy2Help.skill",
  "pk": 7,
  "fields": {
    "name": "Brote belegen"
  }
},
{
  "model": "Happy2Help.skill",
  "pk": 8,
  "fields": {
    "name": "Brote essen"
  }
},
{
  "model": "Happy2Help.job",
  "pk": 1,
  "fields": {
    "name": "Sandsackschlepper",
    "description": "Wir brauchen dich als Packesel!",
    "event": 1,
    "total_positions": 15,
    "open_positions": 15
  }
},
{
  "model": "Happy2Help.job",
  "pk": 2,
  "fields": {
    "name": "Rettungsbootkapit\u00e4n",
    "description": "Wir suchen jemanden mit Sportbootf\u00fchrerschein",
    "event": 1,
    "total_positions": 1,
    "open_positions": 1
  }
},
{
  "model": "Happy2Help.job",
  "pk": 3,
  "fields": {
    "name": "Rettungsschwimmer",
    "description": "Wir brauchen dringend drei Rettungsschwimmer!",
    "event": 1,
    "total_positions": 3,
    "open_positions": 3
  }
},
{
  "model": "Happy2Help.job",
  "pk": 4,
  "fields": {
    "name": "Schlauchverleger",
    "description": "Wir brauchen jemanden um den Sch\u00e4fersee wieder voll zu machen.",
    "event": 2,
    "total_positions": 1,
    "open_positions": 1
  }
},
{
  "model": "Happy2Help.job",
  "pk": 5,
  "fields": {
    "name": "Regent\u00e4nzer",
    "description": "Dringend werden 20 Regent\u00e4nzer gesucht",
    "event": 2,
    "total_positions": 20,
    "open_positions": 20
  }
},
{
  "model": "Happy2Help.job",
  "pk": 6,
  "fields": {
    "name": "Leute mit Blut",
    "description": "Das DRK sucht Leute mit Blut. Wir wollen das haben!",
    "event": 3,
    "total_positions": 75,
    "open_positions": 75
  }
},
{
  "model": "auth.user",
  "pk": 2,
  "fields": {
    "password": "pbkdf2_sha256$120000$ph0ahbof3gQ1$yUuC1YF0B1JHGA1h4E7IKDgt3BaHEKLt+j+0ZO0SKqQ=",
    "last_login": "2018-11-07T17:02:48Z",
    "is_superuser": true,
    "username": "roOt",
    "first_name": "",
    "last_name": "",
    "email": "",
    "is_staff": true,
    "is_active": true,
    "date_joined": "2018-11-07T17:02:43Z",
    "groups": [],
    "user_permissions": []
  }
},
{
  "model": "auth.user",
  "pk": 3,
  "fields": {
    "password": "pbkdf2_sha256$120000$g5zJ887AnbNY$wI3QF0sGyBtCNU6JZmQuoIOyDZ2Wf2ofCXfMIyysmDU=",
    "last_login": null,
    "is_superuser": false,
    "username": "DLRG_Tom",
    "first_name": "",
    "last_name": "",
    "email": "",
    "is_staff": false,
    "is_active": true,
    "date_joined": "2018-11-07T17:05:56Z",
    "groups": [],
    "user_permissions": []
  }
},
{
  "model": "auth.user",
  "pk": 4,
  "fields": {
    "password": "pbkdf2_sha256$120000$ZwTJxvLKzwV2$/2U5ZN+n/WBKUXS7r+gnWXIvpeTVFOEjCgK7bbzTamA=",
    "last_login": null,
    "is_superuser": false,
    "username": "DLRG_Frank",
    "first_name": "",
    "last_name": "",
    "email": "",
    "is_staff": false,
    "is_active": true,
    "date_joined": "2018-11-07T17:06:27.369Z",
    "groups": [],
    "user_permissions": []
  }
},
{
  "model": "auth.user",
  "pk": 5,
  "fields": {
    "password": "pbkdf2_sha256$120000$TC2eTjiK2Wwa$ihcderfvwgTzWwMUgZ4MkES37GOUVYdB3nREPlqYpA0=",
    "last_login": null,
    "is_superuser": false,
    "username": "DLRG_Frauke",
    "first_name": "",
    "last_name": "",
    "email": "",
    "is_staff": false,
    "is_active": true,
    "date_joined": "2018-11-07T17:06:49Z",
    "groups": [],
    "user_permissions": []
  }
},
{
  "model": "auth.user",
  "pk": 6,
  "fields": {
    "password": "pbkdf2_sha256$120000$goKnGjHuDSyY$LEha3JVHYoHcBhtFW5GMslH0x+m44QeMaSVKoumja+I=",
    "last_login": null,
    "is_superuser": false,
    "username": "DRK_Henry",
    "first_name": "",
    "last_name": "",
    "email": "",
    "is_staff": false,
    "is_active": true,
    "date_joined": "2018-11-07T17:07:22.129Z",
    "groups": [],
    "user_permissions": []
  }
},
{
  "model": "auth.user",
  "pk": 7,
  "fields": {
    "password": "pbkdf2_sha256$120000$WcfYh3pjRnBU$O2DIcPJuQKhuYxXvIRxBNwKZ3oJdRkNTDjz9QwM6bnY=",
    "last_login": null,
    "is_superuser": false,
    "username": "DRK_Jutta",
    "first_name": "",
    "last_name": "",
    "email": "",
    "is_staff": false,
    "is_active": true,
    "date_joined": "2018-11-07T17:07:40.598Z",
    "groups": [],
    "user_permissions": []
  }
},
{
  "model": "auth.user",
  "pk": 8,
  "fields": {
    "password": "pbkdf2_sha256$120000$vZNqWwcAw4Kv$vXdBTobbGvbyQtjhIn53qsvfcHZhjwPZKTRJx2Hpv58=",
    "last_login": null,
    "is_superuser": false,
    "username": "ADH_Peter",
    "first_name": "",
    "last_name": "",
    "email": "",
    "is_staff": false,
    "is_active": true,
    "date_joined": "2018-11-07T17:08:18.712Z",
    "groups": [],
    "user_permissions": []
  }
},
{
  "model": "auth.user",
  "pk": 9,
  "fields": {
    "password": "pbkdf2_sha256$120000$PJypzOvCQLI4$BcPovp09kilztE+SqX412seVdx7udsd8Hdkv4kYR784=",
    "last_login": null,
    "is_superuser": false,
    "username": "ADH_Ute",
    "first_name": "",
    "last_name": "",
    "email": "",
    "is_staff": false,
    "is_active": true,
    "date_joined": "2018-11-07T17:08:34.753Z",
    "groups": [],
    "user_permissions": []
  }
},
{
  "model": "auth.user",
  "pk": 10,
  "fields": {
    "password": "pbkdf2_sha256$120000$UkD1ePieFS6J$Z+rUyBCstkiO8fgt8scu7bQ/zfdbmfpfIAjxxQXRNoc=",
    "last_login": null,
    "is_superuser": false,
    "username": "Solo_Ben",
    "first_name": "",
    "last_name": "",
    "email": "",
    "is_staff": false,
    "is_active": true,
    "date_joined": "2018-11-07T17:08:52.834Z",
    "groups": [],
    "user_permissions": []
  }
},
{
  "model": "auth.user",
  "pk": 11,
  "fields": {
    "password": "pbkdf2_sha256$120000$b3f2fYEX8uro$0ByWDCqQNve+b+iT+lu07gOT/cQ6DLP+uyCXMi0aR44=",
    "last_login": null,
    "is_superuser": false,
    "username": "Solo_Helmut",
    "first_name": "",
    "last_name": "",
    "email": "",
    "is_staff": false,
    "is_active": true,
    "date_joined": "2018-11-07T17:09:06.155Z",
    "groups": [],
    "user_permissions": []
  }
},
{
  "model": "Happy2Help.participation",
  "pk": 1,
  "fields": {
    "job": 2,
    "user": 2,
    "rating": null,
    "state": 2
  }
},
{
  "model": "Happy2Help.participation",
  "pk": 2,
  "fields": {
    "job": 4,
    "user": 2,
    "rating": null,
    "state": 2
  }
},
{
  "model": "Happy2Help.participation",
  "pk": 3,
  "fields": {
    "job": 3,
    "user": 10,
    "rating": null,
    "state": 1
  }
},
{
  "model": "Happy2Help.participation",
  "pk": 4,
  "fields": {
    "job": 5,
    "user": 8,
    "rating": null,
    "state": 3
  }
},
{
  "model": "Happy2Help.participation",
  "pk": 5,
  "fields": {
    "job": 1,
    "user": 6,
    "rating": null,
    "state": 4
  }
},
{
  "model": "Happy2Help.participation",
  "pk": 6,
  "fields": {
    "job": 6,
    "user": 5,
    "rating": null,
    "state": 4
  }
},
{
  "model": "Happy2Help.participation",
  "pk": 7,
  "fields": {
    "job": 6,
    "user": 3,
    "rating": null,
    "state": 1
  }
},
{
  "model": "Happy2Help.participation",
  "pk": 8,
  "fields": {
    "job": 2,
    "user": 8,
    "rating": null,
    "state": 1
  }
},
{
  "model": "Happy2Help.participation",
  "pk": 9,
  "fields": {
    "job": 5,
    "user": 7,
    "rating": null,
    "state": 1
  }
},
{
  "model": "Happy2Help.event",
  "pk": 1,
  "fields": {
    "name": "Hochwasser",
    "description": "Achtung Hochwasser",
    "organisation": 1,
    "creator": 4,
    "location": 1
  }
},
{
  "model": "Happy2Help.event",
  "pk": 2,
  "fields": {
    "name": "Tiefwasser",
    "description": "Achtung Tiefwasser",
    "organisation": 1,
    "creator": 5,
    "location": 2
  }
},
{
  "model": "Happy2Help.event",
  "pk": 3,
  "fields": {
    "name": "Blutspenden",
    "description": "Spende dein Lebenselexier!",
    "organisation": 2,
    "creator": 7,
    "location": 3
  }
},
{
  "model": "Happy2Help.hasskill",
  "pk": 2,
  "fields": {
    "skill": 2,
    "user": 2,
    "approved": true
  }
},
{
  "model": "Happy2Help.hasskill",
  "pk": 3,
  "fields": {
    "skill": 3,
    "user": 2,
    "approved": false
  }
},
{
  "model": "Happy2Help.hasskill",
  "pk": 4,
  "fields": {
    "skill": 4,
    "user": 6,
    "approved": true
  }
},
{
  "model": "Happy2Help.hasskill",
  "pk": 5,
  "fields": {
    "skill": 5,
    "user": 9,
    "approved": false
  }
},
{
  "model": "Happy2Help.hasskill",
  "pk": 6,
  "fields": {
    "skill": 6,
    "user": 2,
    "approved": true
  }
},
{
  "model": "Happy2Help.hasskill",
  "pk": 7,
  "fields": {
    "skill": 7,
    "user": 11,
    "approved": false
  }
},
{
  "model": "Happy2Help.hasskill",
  "pk": 8,
  "fields": {
    "skill": 8,
    "user": 11,
    "approved": true
  }
},
{
  "model": "Happy2Help.profile",
  "pk": 1,
  "fields": {
    "user": 2,
    "birthday": "1986-11-20",
    "credit_points": 0,
    "location": null
  }
},
{
  "model": "Happy2Help.profile",
  "pk": 2,
  "fields": {
    "user": 3,
    "birthday": "2018-11-07",
    "credit_points": 0,
    "location": null
  }
},
{
  "model": "Happy2Help.profile",
  "pk": 3,
  "fields": {
    "user": 4,
    "birthday": "2018-11-07",
    "credit_points": 0,
    "location": null
  }
},
{
  "model": "Happy2Help.profile",
  "pk": 4,
  "fields": {
    "user": 5,
    "birthday": "2018-11-07",
    "credit_points": 0,
    "location": null
  }
},
{
  "model": "Happy2Help.profile",
  "pk": 5,
  "fields": {
    "user": 6,
    "birthday": "2018-11-07",
    "credit_points": 0,
    "location": null
  }
},
{
  "model": "Happy2Help.profile",
  "pk": 6,
  "fields": {
    "user": 9,
    "birthday": "2018-11-07",
    "credit_points": 0,
    "location": null
  }
},
{
  "model": "Happy2Help.profile",
  "pk": 7,
  "fields": {
    "user": 10,
    "birthday": "2018-11-07",
    "credit_points": 0,
    "location": null
  }
},
{
  "model": "Happy2Help.organisation",
  "pk": 1,
  "fields": {
    "name": "DLRG",
    "description": "Deutsche Lebensrettungsgesellschaft",
    "members": [
      3,
      4,
      5
    ]
  }
},
{
  "model": "Happy2Help.organisation",
  "pk": 2,
  "fields": {
    "name": "DRK",
    "description": "Deutsches Rotes Kreuz",
    "members": [
      6,
      7
    ]
  }
},
{
  "model": "Happy2Help.organisation",
  "pk": 3,
  "fields": {
    "name": "Aktion Deutschland Hilft",
    "description": "Aktion Deutschland Hilft \u2013 gemeinsam schneller helfen!\r\n\r\nAktion Deutschland Hilft ist das B\u00fcndnis renommierter deutscher Hilfsorganisationen. Wenn schwere Katastrophen die Menschheit ersch\u00fcttern, leisten wir Nothilfe. Gemeinsam, schnell und koordiniert. Jetzt einmalig spenden oder als F\u00f6rderer regelm\u00e4\u00dfig helfen!",
    "members": [
      8,
      9
    ]

}}]
